text,is_gaming
cari pc buat edit video,1
cari pc untuk render 3d,1
cari pc buat 3d rendering,1
cari pc buat autocad,1
mencari pc yang bisa rata kanan,1
nyari pc buat game AAA,1
cari pc buat main game berat,1
cari komputer untuk desain rumah,1
cari pc untuk desain gedung,1
cari pc buat main game elden ring,1
cari pc buat main game tomb raider,1
cari pc yang kencang,1
cari pc no lag,1
cari pc untuk main game,1
nyari komputer gahar,1
cari pc kencang banget,1
cari pc full speed,1
cari pc no lelet,1
cari pc paket lengkap,1
cari pc untuk main dota,1
cari pc untuk main full grafik,1
pc untuk pro gamer,1
pc untuk gamer akut,1
cari pc untuk esport,1
cari pc untuk e sport,1
pc untuk atlet e sport,1
pc kaya atlet valorant,1
pc nya chocotaco,1
pc anti lag,1
komputer untuk e sport,1
pc untuk olahraga,1
komputer anti lelet no lag rata kanan,1
pc kencang no lelet,1
kerja,0
kuliah,0
sekolah,0
office,0
microsoft,0
buat kerja,0
pc kerja,0
komputer untuk kerja,0
komputer bisnis,0
pc untuk sekolah,0
pc untuk office,0
pc kantor,0
pc sehari hari,0
pc kentang,0
pc low budget,0
pc low end,0
komputer penggunaan sehari-hari,0
komputer budget tipis,0
pc murah,0
rekomendasi pc murah,0
pc kantor,0
komputer untuk ujian sekolah,0
komputer harga pelajar,0
pc harga miring,0
komputer harga miring,0
low budget pc,0
pipsqueak pc,0
komputer murah bagus,0
komputer buat ngetik,0
pc buat belajar ngetik,0
pc harga kantong pelajar,0
komputer harga kantong pelajar,0
komputer buat kerja office,0
komputer biasa aja,0
pc biasa,0
pc kerjaan,0
pc untuk ayah,0
pc untuk papa,0
rekomendasi pc untuk staff,0
rekomendasi komputer untuk pekerja kantoran,0
rekomendasi komputer pekerja,0
komputer staff,0
komputer untuk word,0
komputer untuk excel,0
komputer untuk microsoft,0
komputer untuk ibu,0
komputer kentang,0
komputer potato,0
pc potato,0
pc untuk hadiah,0
rakit pc low budget,0
pc ramah pelajar,0
pc ramah low budget,0
pc untuk kegiatan sehari hari,0
pc untuk bikin laporan keuangan,0
komputer untuk buat laporan,0
komputer murah,0
pc kegiatan sehari pelajar harga murah,0
pc bagus murah,0
komputer untuk buat skripsi,0
komputer untuk ngetik,0
kompiter untuk main zuma,0
komputer murah untuk anak,0
pc bagus harga miring,0
komputer dibawah 4 juta,0
komputer yang bisa internet,0
komputer untuk pemula,0
komputer lama,0
pc murah banget,0
pc bagus miring,0
pc untuk word,0
pc untuk excel,0
pc untuk membuat surat,0
komputer untuk email,0
komputer untuk nonton youtube,0
komputer untuk pemula,0
komputer keluarga,0
komputer browsing internet,0
komputer untuk kirim email,0
komputer biasa untuk kuliah,0
komputer untuk video call,0
komputer untuk chat,0
pc untuk chat,0
pc untuk bapak,0
pc untuk mama,0
komputer untuk adik,0
komputer untuk budget terbatas,0
valo,1
valorant,1
pubg,1
dota,1
dota 2,1
lol,1
league of legends,1
nba,1
nba 2k22,1
pes,1
fifa,1
pro evolution soccer,1
watchdog,1
gta,1
grand theft auto,1
death by daylight,1
epic,1
epic games,1
steam,1
stream,1
streaming,1
apex,1
apex legends,1
untuk streaming youtube,1
twitch,1
nimo tv,1
untuk streaming twitch,1
untuk jadi youtuber,1
untuk desain kemasan,1
untuk animasi,1
untuk membuat video,1
untuk membuat desain grafis,1
photoshop,1
adobe photoshop,1
adobe premiere,1
adobe after effects,1
after effects,1
premiere,1
vegas pro,1
melakukan programming,1
membuat website,1
membuat aplikasi,1
melakukan coding,1
mengerjakan project programming,1
kuliah it,1
teknik informatika,1
teknik informasi,1
data science,1
sistem informasi,1
untuk live youtube,1
live streaming,1
komputer tahan panas,1
upload youtube,1
recording,1
pekerjaan it,1
pekerjaan coding,1
business intelligence,1
machine learning,1
android studio,1
visual,1
visual studio code,1
uiux,1
ui designer,1
app developer,1
it project,1
proyek it,1
pembuatan aplikasi,1
pembuatan software,1
saya ingin bermain pes,1
saya ingin bermain elden ring,1
saya ingin bermain fortnite,1
fortnite,1
saya ingin bermain lol,1
saya ingin bermain league of legends,1
saya ingin bermain minecraft,1
miinecraft,1
saya ingin streaming di twitch,1
saya ingin streaming di nimo tv,1
saya ingin mengedit video youtube,1
kuliah,0
non it,0
skripsi,0
proposal,0
menulis,0
makalah,0
tugas,0
sekolah,0
penulis,0
naskah,0
novel,0
belajar,0
menonton,0
nonton,0
zoom,0
kelas,0
rapat,0
meeting,0
pelajar,0
study,0
student,0
buku,0
lagu,0
drama,0
drakor,0
netflix,0
movies,0
membaca,0
mengarang,0
laporan,0
membuat skripsi,0
menulis novel,0
menulis buku,0
mengarang cerita,0
mengerjakan tugas,0
mengerjakan ujian,0
mengerjakan ulangan,0
mengerjakan kuis,0
zoom kelas,0
mengikuti zoom kelas,0
melakukan meeting,0
melakukan rapat,0
membuat laporan keuangan,0
membuat pembukuan,0
membuat naskah film,0
gaming,1
game,1
main,1
play,1
atas,1
dewa,1
tinggi,1
kencang,1
kenceng,1
cepat,1
speed,1
3d,1
design,1
gahar,1
pc gaming,1
main game,1
rata kanan,1
spek dewa,1
spek tinggi,1
performa tinggi,1
3d design,1
render,1
3d render,1
edit,1
edit video,1
autocad,1
design,1
desain,1
3d desain,1
gaming ability,1
kemampuan gahar,1
kemampuan tinggi,1
spek gahar,1
spek rata kanan,1
spesifikasi dewa,1
spesifikasi gahar,1
spesifikasi rata kanan,1
pc game ability,1
cari pc game,1
pc game spek dewa,1
mencari pc spek dewa,1
mencari pc buat ngegame,1
nyari pc buat main game,1
microsoft,0
microsoft word,0
microsoft excel,0
microsoft power point,0
mendengarkan lagu,0
membuat buku,0
mengikuti rapat,0
laporan kerja,0
untuk menggunakan aplikasi chat,0
untuk anak kecil,0
untuk anak sd,0
untuk anak smp,0
untuk microsoft office,0
untuk word,0
untuk excel,0
melakukan presentasi,0
presentasi,0
mengumpulkan tugas,0
menyimpan materi sekolah,0
bersekolah,0
membuka resep,0
menonton video masak,0
menonton tutorial memasak,0
menonton tutorial,0
menullis resep,0
browse,0
browsing,0
browsing internet,0
menelusuri internet,0
edukasi,0
mengedukasi anak,0
menjadi guru,0
mengajar,0
akuntansi,0
biologi,0
kimia,0
fisika,0
matematika,0
sastra,0
bahasa indonesia,0
pelajaran,0
sekolah dasar,0
mata pelajaran,0
melakukan transaksi,0
membuka online shop,0
belajar menggunakan pc,0
belajar menggunakan microsoft office,0
belajar word,0
belajar excel,0
belajar power point,0
data entry,0
review,0
bermain sosial media,0
pc untuk desain,1
pc untuk game online,1
pc game,1
pc multiplayer game,1
online multiplayer game,1
pc untuk recording obs,1
bermain dota,1
untuk membuat program website atau aplikasi,1
membuat film,1
untuk melakukan editing film,1
untuk melakukan editing video,1
video maker,1
untuk membuat lagu,1
video clip,1
untuk editing audio film,1
untuk editing audio lagu,1
sound editor,1
training machine learning,1
music director,1
machine learning,1
artificial intelligence,1
ai,1
membuat podcast,1
membuat poster,1
dkv,1
desain komunikasi visual,1
live record,1
coding,1
fast pc,1
pc kuat,1
pc tahan lama,1
24 jam,1
berjam jam,1
seharian,1
online shopping,0
belanja,0
membuka olshop,0
notulensi,0
content writing,0
website content writing,0
project management,0
scheduling,0
book writing,0
untuk orang tua,0
anak kecil,0
ekstrakurikuler,0
tik,0
laboratorium komputer,0
lab komputer,0
streaming anime,0
data engineer,1
data analyst,1
read manga,0
baca komik,0
chatting,0
texting,0
video call,0
voice call,0
kantoran,0
saya mencari pc untuk membuat atau mengedit video saya,1
saya mencari pc yang capable untuk render 3d,1
saya mencari komputer yang sanggup 3d rendering,1
saya mencari pc yang bisa auto cad,1
aku butuh pc untuk settingan game rata kanan,1
lagi nyari pc buat game kualitas AAA,1
mau beli pc yang kuat buat main game berat,1
cari komputer buat support desain rumah,1
cari komputer yang support profesi arsitektur,1
cari pc untuk desain interior,1
saya mencari komputer untuk menampung aplikasi desain interior,1
saya berprofesi sebagai arsitektur jadi saya butuh pc untuk desain gedung,1
saya ingin bermain game elden ring saya butuh pc kuat,1
saya mau bermain game tomb raider di pc saya,1
saya programmer saya butuh pc yang kencang dan cepat,1
saya butuh komputer yang tidak lag,1
saya membutuhkan pc untuk bermain game di waktu luang saya,1
lagi nyari komputer gahar boskuh,1
membutuhkan pc atau komputer yang cepat no delay dan freeze,1
lagi mencari pc yang full speed dan bisa digunakan dalam jangka waktu lama,1
butuh pc yang ga lelet dan ga mudah panas,1
mau beli pc yang bisa digunakan untuk apa saja,1
saya mau main dota di komputer saya,1
saya mau menggunakan pc yang bisa hd grafiknya,1
saya ingin menjadi pro player game pc,1
saya adalah youtuber gamer yang membutuhkan pc dewa,1
saya ingin menggunakan pc saya untuk keperluan esport,1
saya membutuhkan pc untuk bermain game e sport,1
aku mau beli pc untuk menjadi atlet esport,1
aku membutuhkan pc yang support untuk menjadi streamer,1
mau beli pc nya chocotaco,1
lagi butuh pc yang anti lag dan freeze,1
membutuhkan komputer spek gahar untuk keperluan esport,1
membutuhkan pc yang akan digunakan untuk pekerjaan it,1
lagi mau beli komputer no lag rata kanan,1
mau beli pc yang bisa dipake untuk bermain game online tanpa lag,1
membutuhkan pc untuk bekerja di kampus,0
saya membutuhkan komputer untuk support kegiatan kulliah,0
membutuhhkan pc untuk sekolah sehari hari,0
saya membutuhkan pc yang support windows,0
membutuhkan pc yang bisa diinstall microsoft office,0
saya membutuhkan pc untuk bekerja di perusahaan,0
saya membutuhkan pc untuk jadi pos kasir,0
aku membutuhkan komputer yang bisa digunakan sebagai admin kantor,0
saya membutuhkan komputer atau pc untuk belajar anak saya,0
saya membutuhkan pc cuman untuk sekolah,0
saya membutuhkan pc untuk support kegiatan kantor dan administrasi,0
saya mau beli pc untuk kegiatan kepanitiaan,0
saya mau menggunakan pc untuk keperluan harian saya,0
saya butuh pc kentang untuk adik belajar,0
saya cuman bisa beli pc low budget untuk hal kecil,0
saya mau beli pc low end saja,0
saya mendambakan komputer sederhana untuk kegiatan sehari hari,0
budget aku tipis jadi komputer biasa saja,0
lagi butuh pc budget murah supaya engga nyicil,0
butuh rekomendasi pc murah meriah tapi bagus,0
perusahaan saya membutuhkan pc baru untuk salah sati divisi kantor,0
saya memerlukan pc untuk support ujian sekolah,0
saya mau beli pc yang support kegiatan sekolah dan kuliah,0
saya mau beli komputer dengan harga miring bekas gapapa,0
saya membutuhka komputer harga miring,0
low budget butuh komputer biasa yang murah,0
mau beli pipsqueak pc yang normal,0
mau beli komputer murah tapi kualitas masih bagus,0
saya mau belajar mengetik di komputer untuk keperluan kerja,0
saya mau mengajari adik saya untuk bisa mengetik di pc,0
saya membutuhkan pc atau komputer dengan harga pelajar,0
saya mau membeli pc dengan harga yang bersahabat di kantong,0
saya mau komputer atau pc biasa yang bisa digunakan untuk kerjaan kantor,0
saya butuh komputer yang spec nya biasa saja,0
saya membutuhakn pc yang biasa dan tidak mahal,0
saya mau beli pc untuk digunakan bekerja di perusahaan penerbit saya,0
saya mau beli pc untuk hadiah ulang tahun ayah saya,0
aku mau beli pc sebagai kebutuhan papa saya dalam menulis,0
saya membutuhkan pc untuk karyawan dan staff restoran saya,0
saya membutuhkan pc normal yang bisa digunakan untuk monitoring cctv,0
saya butuh komputer kerja untuk menulis resep saya,0
saya membutuhkan komputer untuk supermarket saya,0
saya mau menggunakan microsoft word untuk menulis di blog saya,0
saya menggunakan excel sebagai software akuntansi dasar saya di kuliah,0
saya membutuhkan pc yang bisa untuk share ppt,0
ibu saya membutuhkan pc atau komputer untuk membagikan dan mencari resep masakan,0
saya buth komputer dengan spek kentang dan murah untuk adik,0
saya membutuhkan pc atau komputer potato,0
pc potato buat adik saya yang masih sd,0
pc murah untuk hadiah sahabat saya,0
saya mau merakit pc low budget yang bagus,0
mau beli pc yang ramah buat pelajar,0
aku lagi butuh pc yang bisa buat nonton netflix,0
butuh pc yang bisa dipake buat nonton anime sampe malam,0
saya membutuhkan pc untuk ngebuat laporan keuangan perusahaan,0
saya mebutuhkan komputer yang kuat membuat laporan kegiatan panitia,0
saya mau membuat pc yang murah,0
saya butuh pc untuk kegiatan sekolah dan kampus murah,0
mau komputer dengan spek normal yang ga mahal,0
saya membutuhkan komputer yang tahan lama nulis skripsi,0
saya membutuhkan komputer untuk mengetik cerita,0
mau main zuma di pc sama keluarga,0
saya membutuhkan komputer untuk anak anak yang ga mahal,0
lagi ngebutuhin pc harga miring,0
mau beli pc yang harganya merakyat dan ga mahal,0
cuman mau main internet dan browsing biasa,0
mau beli komputer biasa untuk pemula,0
mau beli komputer atau pc spek keluaran lama,0
mau pc yang murah banget,0
lagi mau komputer yang ga mahal,0
butuh komputer untuk nulis nulis cerita,0
saya anak akuntansi butuh komputer buat excel aja,0
saya sekretaris yang membutuhkan pc demi kegiatan administrasi perusahaan,0
cukup pc yang dioperasikan untuk mengirim email setiap hari,0
saya mau menonton youtube di pc baru saya,0
butuh komputer untuk pemula yang belum pernah punya,0
mau punya komputer keluarga yang bisa digunakan sekeluarga,0
butuh komputer yang cuman digunakan untuk internetan,0
saya bekerja sebagai pihak marketing yang membutuhkan pc untuk pengiriman katalog melalui email,0
saya mahasiswa yang butuh pc untuk kegiatan kuliah online,0
saya mau menggunakan pc saya untuk melakukan vidcall kepada saudara saya,0
saya membutuhkan komputer sebagai contact person yang menerima chat,0
saya butuh komputer untuk chatting,0
saya membutuhkan pc yang bisa digunakan untuk presentasi online,0
saya mau membelikan mama saya pc sebagai penulis,0
adik saya membutuhkan pc yang akan digunakan untuk sekolah dan print tugas,0
saya membutuhakan komputer yang bagus namun budget saya terbatas dan tidak banyak,0
saya mau bermain valo di pc saya,1
aku adalah pemain proffesional valorant,1
saya merupakan youtuber pubg yang mau menggunakan pc saya untuk streaming,1
saya mau bermain dota di pc saya dan dalam waktu lama,1
saya pemain dota 2 saya mau bermain game itu di pc saya,1
saya mau menggunakan pc saya untuk menjadi vtuber,1
saya pemain league of legends dan saya mau merekam gameplay saya,1
saya mau memainkan game nba di pc saya,1
saya mau install nba2k22 di pc saya untuk bermain,1
saya pecinta pes dan mau memainkan game pes di pc saya,1
saya mau bermain fifa di komputer saya dan merekammnya,1
mau beli pro evolution soccer untuk diinstall di pc saya,1
mau main watchdog cuman ga tau butuh spek apa,1
mau main gta tapi ga punya pc yang kuat,1
cara cari spek pc buat main grand theft auto,1
saya mau main dbd di pc saya,1
saya mau bermain game death by daylight di pc saya butuh yang kuat,1
saya mau download banyak game dari epic games dan bermain,1
saya mau bermain game dari steam saya seperti minecraft,1
saya adalah streamer yang mau membuat konten video,1
aku akan melakukan streaming di youtube untuk mencari uang,1
saya pemain apex berat saya mau pc saya kuat,1
cara supaya pc bisa kuat bermain apex legend,1
spesifikasi pc yang bisa lancar streaming no lag,1
saya ingin menjadi streamer di twitch,1
saya memiliki kontrak untuk streaming valorant di nimo tv,1
saya mau melakukan streaming gaming dan chatting di twitch,1
saya mau menjadi youtuber gaming,1
saya mahasiswa dkv yang memiliki project desain kemasan product,1
saya animator yang mau membuat video animasi,1
aku mau membuat videografi untuk youtube,1
saya mau menggunakan photosop dan corel untuk desain grafis saya,1
lagi butuh pc kuat buat edit foto kerjaan,1
mau menggunakan adobe photoshop di pc saya buat kuliah,1
saya editor video yang biasanya menggunakan adobe premiere sebagai aplikasi editing saya,1
saya mau menggunakan after effects untuk project film saya,1
saya mau buat video animasi dan transisi untuk d post di instagram,1
aku mau buat video cinematografi untuk kebutuhan kampus,1
saya mau menggunakan vegas pro untuk edit video,1
saya ingin coding program perusahaan saya,1
saya pembuat website yang sering memiliki project,1
aku mau buat aplikasi seperti game dll,1
saya melakukan coding software akuntansi perusahaan,1
saya adalah freelance yang sering mengerjakan project aplikasi it,1
saya mahasiswa teknik informatika yang sering melakukan coding,1
saya mahasiswa teknik informatika yang butuh pc untuk programming,1
saya mahasiswa teknik informasi butuh komputer bagus,1
saya data science expert yang menggunakan banyak data,1
saya berkuliah di sistem informasi dan butuh pc untuk coding dan uiux,1
saya sering sekali melakukan live stream di youtube untuk konten saya,1
saya melakukan live stream untuk beberapa platform,1
saya butuh komputer yang tahan panas dan bisa digunakan untuk waktu lama,1
saya sering membuat konten jadi saya butuh pc yang bisa upload ke youtube dalam waktu cepat,1
saya sering melakukan screen recording saat saya bermain game,1
saya bekerja sebagai it department staff yang sering disuruh melakukan coding,1
saya bekerja sebagai freelance programmer yang bekerja solo,1
saya adalah staf departemen business intelligence,1
saya adalah mahasiswa it machine learning,1
aku menggunakan android studio demi kepentingan bekerja,1
saya ingin menjadi programmer dengan menggunakan visual studio code sebagai editor,1
visual studio code adalah software yang sering saya gunakan sehari hari,1
saya ingin mendalami uiux dan menggunakan pc saya untuk itu,1
saya bekerja sebagau ui designer dan menggunakan pc saya untuk design ui,1
aku adalah app developer yang akan menggunakan komputer untuk coding,1
it project saya banyak yang memerlukan software berat,1
saya bekerja di proyek it sebagai developer app,1
saya bekerja sebagai programmer dalam pembuatan aplikasi laundry,1
saya bekerja dalam bidang pembuatan software,1
saya ingin bermain game pes secara online,1
saya ingin bermain elden ring atau monster hunter,1
saya ingin bermain fortnite dalam jangka waktu yang lama,1
saya hanya menggunakan pc saya untuk berkuliah,0
saya mahasiswa non it yang butuh pc,0
saya mau menggunakan pc saya untuk menulis skripsi,0
saya sering sekali membuat proposal untuk dana kegiatan saya,0
saya ingin menulis novel dengan pc saya,0
saya butuh untuk membuat makalah tugas sekolah biologi saya,0
saya ingin mengerjakan tugas saya di komputer,0
aku sekolah secara daring jadi butuh pc untuk zoom,0
saya adalah penulis yang ingin menggunakan pc saya sebagai tempat penyimpanan data tulisan saya,0
aku menulis naskah drama di kuliah,0
aku pembuat novel yang ingin novelnya disebarkan di pc,0
saya butuh komputer untuk belajar materi sekolah,0
saya mau menonton drama di pc saya,0
saya mau nonton bareng temen temen saya dengan proyektor,0
saya sering mengikuti webinar di zoom,0
kelas yang aku ikutin menggunakan aplikasi daring,0
saya sering mengadakan rapat perusahaan melalui zoom meeting,0
perusahaan saya sering meeting di online,0
saya adalah pelajar yang cuman menggunakan pc saya untuk tugas,0
i want study using my pc,0
im a student from international school,0
saya menulis buku dan juga novel secara online,0
saya sering sekali mendengarkan lagu di pc atau komputer saya,0
saya penonton drama korea di netflix saya mau nonton di pc,0
saya mau nonton drakor lewat download,0
saya ingin berlangganan netflix di device pc saya,0
saya sering sekali menonton movies secara streaming,0
saya ingin membaca komik dan artikel di pc,0
saya ingin mengarang cerita di pc,0
aku ingin membuat laporan di pc,0
saya membuat skripsi saya di pc,0
saya ingin menulis naskah drama musikal di sma saya,0
saya ingin menggunakan pc saya untuk memberikan review di blog saya,0
saya ingin membuat podcast di spotify,0
saya mau mengerjakan tugas tugas kuliag saya di pc,0
aku mau mengerjakan ulangan yang diadakan online,0
saya mau mengerjakan tugas secara daring agar lebih cepat selesai,0
aku mengerjakan kuis di pc agar lebih cepat selesai,0
saya mengikuti zoom kelas setiap hari di pc,0
saya bendahara yang membuat pembukuan di pc,0
saya ingin membuat script drama si komputer saya agar aman,0
saya ingin punya pc gaming kuat,1
saya sering sekali bermain game di pc saya,1
saya mau main game di pc dan komputer saya,1
i wanna play genshin in my pc,1
mau beli pc spek atas,1
membeli pc spesifikasi dewa buat jangka panjang,1
mau pc dengan kualitas tinggi,1
mau komputer dengan kecepatan cepat yang tidak lag,1
butuh pc dengan spesifikasi kencang,1
butuh pc yang support dengan game fps tinggi,1
saya adalah mahasiswa design butuh pc spec tinggi,1
mau pc yang gahar dan oke buat game,1
mau punya pc yang bisa kasih performa tinggi,1
pc dengan gaming ability tinggi,1
saya mau pc untuk menggunakan aplikasi chat dengan rekan kerja,0
saya butuh komputer untuk anak kecil yang baru belajar,0
butuh pc untuk anak sd saya sekolah,0
aku mau pc untuk anak smp,0
menggunakan microsoft office dalam kegiatan kerja sehari hari,0
menggunakan word dalam penulisan artikerl,0
saya menggunakan excel dalam pembuatan jurnal umum akuntansi saya,0
saya ingin melakukan presentasi melalui pc saya secara daring,0
saya ingin presentasi dengan pc saya,0
saya butuh komputer buat ngumpulin tugas,0
saya butuh pc buat nyimpan materi sekolah,0
saya butuh pc untuk kebutuhan sekolah,0
saya mau membuka resep di komputer,0
saya mau nonton video masak di komputer,0
saya butuh komputer untuk menonton tutorial masak,0
saya mau pakai komputer untuk nonton tutorial,0
saya mau menulis resep di komputer,0
saya mau browse di pc,0
mau browsing internet,0
saya mau pakai komputer buat browsing internet,0
saya mau menulusuri internet di komputer,0
saya mau pakai komputer untuk edukasi,0
saya mau pakai komputer untuk edukasi anak,0
saya mau menggunakan komputer untuk mengajar online,0
saya membutuhkan komputer untuk mengajar,0
saya membutuhkan komputer untuk akuntansi,0
saya membutuhkan komputer untuk belajar biologi,0
aku mau belajar kimia di komputer,0
aku butuh komputer buat belajar fisika,0
aku butuh komputer buat belajar matematika,0
aku mau belajar sastra di komputer,0
saya butuh komputer untuk belajar bahasa indonesia,0
saya butuh pc untuk membantu pelajaran,0
komputer untuk sekolah dasar,0
komputer untuk semua mata pelajaran,0
pc untuk melakukan transaksi,0
saya butuh komputer untuk belanja online,0
pc untuk pemula,0
adik saya mau belajar menggunakan microsoft office,0
saya freelance yang mau melakukan data entry,0
saya bekerja sebagai pembuat review ingin menyimpan data saya di komputer,0
saya ingin bermain sosial media di pc saya,0
membutuhkan pc untuk desain grafis mata kuliah saya,1
saya membutuhkan pc yang suppor job saya sebagai analyst business,1
pc gaming yang bisa main apex rata kanan,1
pc gaming untuk main minecraft full shader,1
pc gaming yang bisa rtx on,1
pc gaming yang bisa ray tracing,1
pc yang bisa dipakai streaming,1
pc streaming,1
pc youtuber,1
pc mirip windah basudara,1
pc untuk machine learning,1
pc yang cpu kencang,1
rakit pc mahal,1
pc mahal untuk set up gaming,1
pc rgb gaming rata kanan,1
pc kerja sehari hari,0
pc untuk main games,1
pc untuk emulator android,1
pc untuk software development,1
pc untuk data analysis,1
pc untuk di warnet,1
pc internet cafe,1
pc for competitive e sport,1
corsair,1
alienware,1
ryzen,1
core i7,1
Geforce RTX,1
find a pc to edit video,1
find a pc for 3d render,1
find a pc for 3d rendering,1
find a pc for autocad,1
looking for a pc that can be flat right,1
looking for a pc for aaa games,1
find a pc to play heavy games,1
find a computer for home design,1
find a pc for building design,1
find a pc to play elden ring games,1
find a pc to play tomb raider game,1
find a fast pc,1
find pc no lag,1
find a pc to play games,1
looking for a fierce computer,1
looking for a really fast pc,1
find full speed ??pc,1
find pc no,1
find complete pc package,1
find a pc to play dota,1
find a pc to play full graphics,1
pc for pro gamer,1
pc for acute gamers,1
find a pc for esport,1
find a pc for e sport,1
pc for e sport athletes,1
pc rich athlete valorant,1
chocotacos pc,1
anti lag pc,1
computer for e sport,1
pc for sports,1
anti leet computer no lag flat right,1
fast pc no slow,1
work,0
studying,0
school,0
office,0
microsoft,0
make work,0
work pc,0
computer for work,0
business computer,0
pc for school,0
pc for office,0
office pc,0
daily pc,0
potato pc,0
low budget pc,0
low end pc,0
computer use daily,0
thin budget computer,0
cheap pc,0
cheap pc recommendations,0
office pc,0
computers for school exams,0
computer price student,0
pc low price,0
computer price is low,0
low budget pc,0
pipsqueak pc,0
good cheap computer,0
computers for typing,0
pc for learning typing,0
pc student pockets,0
computer price of student pocket,0
computers for office work,0
just an ordinary computer,0
ordinary pc,0
work pc,0
pc for father,0
pc for papa,0
pc recommendations for staff,0
computer recommendations for office workers,0
worker computer recommendations,0
computer staff,0
computer for word,0
computer for excel,0
computers for microsoft,0
computer for mom,0
potato computer,0
potato computer,0
potato pc,0
pc for prizes,0
low budget pc raft,0
student friendly pc,0
low budget pc,0
pc for daily activities,0
pc to make financial reports,0
computer to make a report,0
cheap computer,0
pc day student activities cheap price,0
good cheap pc,0
computer to create a thesis,0
computers for typing,0
comperment to play zuma,0
cheap computer for children,0
good pc low low prices,0
computers under 4 million,0
computers that can be internet,0
computers for beginners,0
old computer,0
very cheap pc,0
good pc tilted,0
pc for word,0
pc for excel,0
pc to make a letter,0
computer for email,0
computer to watch youtube,0
computers for beginners,0
family computer,0
computer browsing the internet,0
computer to send an email,0
ordinary computers for college,0
computer for video call,0
computer for chat,0
pc for chat,0
pc for you,0
pc for mama,0
computer for sister,0
computers for limited budget,0
for streaming twitching,1
to be a youtuber,1
for packaging design,1
for animation,1
to make a video,1
to create a graphic design,1
photoshop,1
adobe photoshop,1
adobe premiere,1
adobe after effects,1
after effects,1
premiere,1
vegas pro,1
do programming,1
create a website,1
create an application,1
do coding,1
work on project programming,1
it lecture,1
technical information,1
information engineering,1
data science,1
information systems,1
for live youtube,1
live streaming,1
heat resistant computer,1
upload youtube,1
recording,1
it job,1
coding work,1
business intelligence,1
machine learning,1
android studio,1
application making,1
software making,1
i want to play pes,1
i want to play elden ring,1
i want to play fortnite,1
fortnite,1
i want to play lol,1
i want to play league of legends,1
i want to play minecraft,1
i want to stream on twitch,1
i want to stream on nimo tv,1
i want to edit youtube videos,1
studying,0
non it,0
essay,0
proposal,0
write,0
school,0
writer,0
manuscript,0
novel,0
study,0
watch,0
msi gaming,1
rtx 2090,1
rtx dlss,1
im looking for a pc to make or edit my video,1
i am looking for a capable pc for 3d rendering,1
i am looking for a computer that can be 3d rendering,1
i am looking for a pc that can auto cad,1
i need a pc for the right right game settings,1
im looking for a pc for aaa quality games,1
want to buy a strong pc for playing heavy games,1
find a computer to support home design,1
looking for computers that support the architectural profession,1
find a pc for interior design,1
i searched for a computer to accommodate the interior design application,1
i work as an architecture so i need a pc for building design,1
i want to play elden ring games i need a strong pc,1
i want to play the tomb raider game on my pc,1
my programmer i need a fast and fast pc,1
i need a computer that is not lag,1
i need a pc to play games in my free time,1
im looking for a fierce computer,1
requires a fast pc or computer no delay and freeze,1
again looking for a full speed pc and can be used for a long time,1
need a pc that is not slow and not easily hot,1
want to buy a pc that can be used for anything,1
i want to play dota on my computer,1
i want to use a pc that can be hd graphics,1
i want to be a pc game pro player,1
i am a youtuber gamer who needs a pc dewa,1
i want to use my pc for esport purposes,1
i need a pc to play e sport game,1
i want to buy a pc to become an esport athlete,1
i need a pc that supports to be a streamer,1
want to buy a pc chocotaco,1
again need an anti lag and freeze pc,1
need a fierce spec computer for esport purposes,1
requires a pc that will be used for it work,1
again want to buy a computer no lag flat right,1
want to buy a pc that can be used to play online games without lag,1
need a pc to work on campus,0
i need a computer to support kulliah activities,0
need a pc for daily school,0
i need a pc that supports windows,0
need a pc that can be installed microsoft office,0
i need a pc to work in a company,0
i need a pc to be a cashier post,0
i need a computer that can be used as an office admin,0
i need a computer or pc to study my child,0
i need a pc for school,0
i need a pc to support office activities and administration,0
i want to buy a pc for committee activities,0
i want to use a pc for my daily use,0
i need a potato pc for you to learn,0
i can only buy a low budget pc for small things,0
i want to buy a low end pc,0
i crave a simple computer for daily activities,0
my budget is thin so it's just an ordinary computer,0
again need a cheap budget pc so it doesn't pay in installments,0
need a cheap but good pc recommendation,0
my company needs a new pc for the wrong office division,0
i need a pc to support school exams,0
i want to buy a pc that supports school and college activities,0
i want to buy a computer at a lowly low price,0
i need a computer low price,0
low budget requires a normal computer,0
want to buy a normal pips pipsqueak,0
want to buy a cheap computer but the quality is still good,0
i want to learn to type on a computer for work purposes,0
i want to teach my sister to be able to type on a pc,0
i need a pc or computer at a student price,0
i want to buy a pc at a friendly price in the bag,0
i want an ordinary computer or pc that can be used for office work,0
i need a computer that has an ordinary spec,0
i need the usual and inexpensive pc,0
i want to buy a pc to be used to work in my publisher company,0
i want to buy a pc for my father's birthday present,0
i want to buy a pc as my father's need in writing,0
i need a pc for my restaurant employees and staff,0
i need a normal pc that can be used for cctv monitoring,0
i need a working computer to write my recipe,0
i need a computer for my supermarket,0
i want to use microsoft word to write on my blog,0
i use excel as my basic accounting software in college,0
i need a pc that can share ppt,0
my mother needs a pc or computer to share and search for recipes,0
i am a computer with a potato spec and cheap for younger siblings,0
i need a pc or potato computer,0
potato pc for my sister who is still elementary school,0
cheap pc for my best friend gift,0
i want to assemble a good low budget pc,0
want to buy a friendly pc for students,0
i need a pc that can be used to watch netflix,0
need a pc that can be used for watching anime until night,0
i need a pc to make a company's financial statements,0
i require a strong computer to make a report on the committee's activities,0
i want to make a cheap pc,0
i need a pc for cheap school activities and campuses,0
want a computer with a normal specs that isn't expensive,0
i need a long -lasting computer to write a thesis,0
i need a computer to type the story,0
want to play zuma on a pc with family,0
i need a computer for children who are not expensive,0
again as speeding pc low prices,0
want to buy a pc whose price is populist and not expensive,0
just want to play the internet and browse ordinary,0
want to buy an ordinary computer for beginners,0
want to buy a computer or pc spec old output,0
want a very cheap pc,0
i want a computer that isn't expensive,0
need a computer to write a story,0
i am an accounting child just need a computer for excel,0
i am a secretary who needs a pc for company administration activities,0
just an pc is operated to send an email every day,0
i want to watch youtube on my new pc,0
need a computer for beginners who have never had,0
want to have a family computer that can be used by a family,0
need a computer that is only used for internet,0
i work as a marketing party who needs a pc for sending catalogs via email,0
i am a student who needs a pc for online lecture activities,0
i want to use my pc to do vidcall to my brother,0
i need a computer as a contact person who receives a chat,0
i need a computer to chat,0
i need a pc that can be used for online presentations,0
i want to buy my mama pc as a writer,0
my sister needs a pc that will be used for school and print assignments,0
i need a good computer but my budget is limited and not much,0
i want to play valo on my pc,1
i am a professional valorant player,1
i am a pubg youtuber who wants to use my pc for streaming,1
i want to play dota on my pc and for a long time,1
i am a dota 2 player i want to play the game on my pc,1
i want to use my pc to become a vtuber,1
i am a league of legends player and i want to record my gameplay,1
i want to play the nba game on my pc,1
i want to install nba2k22 on my pc to play,1
i am a lover of pes and want to play pes games on my pc,1
i want to play fifa on my computer and record it,1
want to buy pro evolution soccer to be installed on my pc,1
want to play watchdog but don't know what specs need,1
want to play gta but don't have a strong pc,1
how to find a pc spec for playing grand theft auto,1
i want to play dbd on my pc,1
"i want to play the death by daylight game on my pc, i need a strong one",1
i want to download many games from epic games and play,1
i want to play games from my steam like minecraft,1
i am a streamer who wants to create video content,1
i will stream on youtube to make money,1
"i am a big apex player, i want my pc to be strong",1
way so that the pc can be strong playing apex legend,1
pc specifications that can be smooth streaming no lag,1
i want to be a streamer on twitch,1
i have a contract for streaming valorant on nimo tv,1
i want to stream gaming and chat on twitch,1
i want to be a gaming youtuber,1
i am a dkv student who has a product packaging design project,1
im an animator who wants to make an animated video,1
i want to make a videography for youtube,1
i want to use photosop and corel for my graphic design,1
again need a strong pc to edit a job photo,1
want to use adobe photoshop on my pc for college,1
i am a video editor that usually uses adobe premiere as my editing application,1
i want to use after effects for my film project,1
i want to make an animated and transition video for d post on instagram,1
i want to make a cinematographic video for campus needs,1
i want to use vegas pro to edit video,1
i want to coding my company program,1
i am a website maker who often has a project,1
i want to make applications like games etc.,1
i do a company accounting software coding,1
i am a freelance who often works on it application projects,1
i am informatics engineering students who often do coding,1
i am an informatics engineering student who needs a pc for programming,1
i am an information engineering student in need of a good computer,1
i am a data science expert that uses a lot of data,1
i study in information systems and need a pc for coding and uiux,1
i often do live streams on youtube for my content,1
i did a live stream for several platforms,1
i need a heat -resistant computer and can be used for a long time,1
i often make content so i need a pc that can upload to youtube in fast time,1
i often do screen recording when i play games,1
i work as an it department of staff who is often told to do coding,1
i work as a freelance programmer who works solo,1
i am a staff of the business intelligence department,1
i am an it machine learning student,1
i use android studio for the sake of working,1
i want to be a programmer using visual studio code as an editor,1
visual studio code is the software that i often use everyday,1
i want to explore uiux and use my pc for it,1
i work as ui designer and use my pc for ui design,1
i am the developer app who will use a computer for coding,1
it many of my projects need heavy software,1
i work on it projects as developers of app,1
i work as a programmer in making a laundry application,1
i work in the field of software manufacturing,1
i want to play pes games online,1
i want to play elden ring or monster hunter,1
i want to play fortnite for a long time,1
i only use my pc to study,0
i am a non it student who needs a pc,0
i want to use my pc to write a thesis,0
i often make proposals for my activities,0
i want to write a novel with my pc,0
i need to make my biology school assignment papers,0
i want to do my assignment on a computer,0
i go to school online so i need a pc for zoom,0
i am a writer who wants to use my pc as a place to store my writing data,0
i wrote a drama script in college,0
i am the maker of the novel who wants the novel to be spread on a pc,0
i need a computer to learn school material,0
i want to watch the drama on my pc,0
i want to watch with my friends with the projector,0
i often follow webinar in zoom,0
the class that i followed using an online application,0
i often hold company meetings through zoom meetings,0
my company often met online,0
i am a student who only uses my pc for assignments,0
i want study using my pc,0
im a student from international school,0
i write books and novels online,0
i often listen to songs on my pc or computer,0
i am a korean drama audience on netflix i want to watch on a pc,0
i want to watch drakor via download,0
i want to subscribe to netflix on my pc device,0
i often watch movies streaming,0
i want to read comics and articles on pc,0
i want to make up stories on pc,0
i want to make a report on a pc,0
i made my thesis on pc,0
i want to write a musical drama script in my high school,0
i want to use my pc to give a review on my blog,0
i want to make a podcast in spotify,0
i want to do my assignment on my kuliag on pc,0
i want to do the test that is held online,0
i want to do the job online to be completed faster,0
i work on a quiz on a pc so that it will be finished faster,0
i follow the class zoom every day on pc,0
i am the treasurer who made bookkeeping on a pc,0
i want to make my computer drama script to be safe,0
i want to have a strong gaming pc,1
i often play games on my pc,1
i want to play games on my pc and computer,1
i wanna play genshin in my pc,1
want to buy a top pc,1
buy a god specification pc for long term,1
want high quality pcs,1
want a computer with a fast speed that is not lag,1
need a pc with fast specifications,1
need a pc that supports with high fps games,1
i am a design student need a high pc spec,1
want a fierce pc and okay for the game,1
want to have a pc that can give a high performance,1
pc with high gaming abilities,1
i want a pc to use the chat application with a coworker,0
i need a computer for young children who are just learning,0
need a pc for my elementary school children,0
i want a pc for junior high school kids,0
using microsoft office in daily work activities,0
using word in artiker writing,0
i use excel in making my general accounting journal,0
i want to make a presentation through my pc online,0
i want a presentation with my pc,0
i need a computer to collect assignments,0
i need a pc to save school material,0
i need a pc for school needs,0
i want to open a recipe on a computer,0
i want to watch a cooking video on a computer,0
i need a computer to watch a cooking tutorial,0
i want to use a computer to watch a tutorial,0
i want to write a recipe on a computer,0
i want to browse on a pc,0
want to browse the internet,0
i want to use a computer to browse the internet,0
i want to pour out the internet on a computer,0
i want to use a computer for education,0
i want to use a computer for children's education,0
i want to use a computer to teach online,0
i need a computer to teach,0
i need a computer for accounting,0
i need a computer to learn biology,0
i want to learn chemistry on a computer,0
i need a computer to learn physics,0
i need a computer to learn mathematics,0
i want to learn literature on a computer,0
i need a computer to learn indonesian,0
i need a pc to help lessons,0
computers for elementary schools,0
computers for all subjects,0
pc to make a transaction,0
i need a computer to shop online,0
pc for beginners,0
my sister wants to learn to use microsoft office,0
i am freelance who wants to do data entry,0
i work as a review maker want to save my data on a computer,0
i want to play social media on my pc,0
need a pc for my graphics design,1
i need a pc that supports my job as an analyst business,1
butuh pc buat buka office,0
saya butuh pc yang bisa buka excel,0
saya butuh komputer cuma buat ngetik,0
saya menggunakan pc saya untuk editing poster dan juga desain grafis,1
aku mau menggunakan pc ini untuk game online berat seperti cod,1
saya adalah content creator yang sering buat video,1
saya menggunakan aplikasi premiere dan after effect,1
mama saya mau menggunakan laptop ini untuk membuat video wedding,1
saya ingin pc yang kuat untuk editing,1
saya mau pc yang bisa digunakan untuk bermain jangka panjang,1
